login,hash
Login,Password
123,123
sdasdas,5fd924625f6ab16a19cc9807c7c506ae1813490e4ba675f843d5a10e0baacdb8
admin,1c62590c99871030411c60c4780da31ec05c4db349e2f02d79c01228fccd9380
adminn,13ef24b4dd646e30c6884242a2bb26349ccc5295e12dec63d084096f017ed131
aadmin,fc3f89cbadfb2f3caf610d99bb9dc92f107bdff59ef770d2bbcde88e1a80a9b3
pidor,db8d4feddd02cd8b9f5e512bb933f044bcbd154ccb210493348dd8a2b25bcd56
lox,7fb26a8732f70c7392214b9056c2cd60f5b2d8a6e64d2356ae396297fd750b4a
loxx,e40f82482bd9e9af123dff1c45525cf9b88a921727d31cbc5741bbcaab2f0d90
loxxx,b243126512ff2ac4a5b75c951d86a451767cbac41920bb61f5efac379f97de6e
